{
    "pclass": {
        "type": "numeric",
        "real_mean": 2.308988764044944,
        "synthetic_mean": 2.130239343523979,
        "real_std": 0.8335632357216292,
        "synthetic_std": 0.8523226236973886,
        "rel_mean_diff": 0.07741459054728417,
        "std_rel_diff": 0.022505056811339796,
        "high_drift": false
    },
    "age": {
        "type": "numeric",
        "real_mean": 29.459859550561795,
        "synthetic_mean": 33.412097592353824,
        "real_std": 13.034573995680946,
        "synthetic_std": 11.460813660473562,
        "rel_mean_diff": 0.1341567169954513,
        "std_rel_diff": 0.12073738165350513,
        "high_drift": false
    },
    "sibsp": {
        "type": "numeric",
        "real_mean": 0.49297752808988765,
        "synthetic_mean": 0.8640969734145759,
        "real_std": 1.0607197670677073,
        "synthetic_std": 1.8451645173952855,
        "rel_mean_diff": 0.7528120789491625,
        "std_rel_diff": 0.7395400507111564,
        "high_drift": true
    },
    "parch": {
        "type": "numeric",
        "real_mean": 0.3904494382022472,
        "synthetic_mean": 0.2663941677995608,
        "real_std": 0.8381338994728318,
        "synthetic_std": 0.3599323229635713,
        "rel_mean_diff": 0.3177242815270353,
        "std_rel_diff": 0.5705551067795241,
        "high_drift": true
    },
    "fare": {
        "type": "numeric",
        "real_mean": 31.819826264044945,
        "synthetic_mean": 40.67708656734228,
        "real_std": 48.05910427661551,
        "synthetic_std": 60.45421622150521,
        "rel_mean_diff": 0.278356651825032,
        "std_rel_diff": 0.2579139193595186,
        "high_drift": false
    },
    "sex": {
        "type": "categorical",
        "categories": [
            "female",
            "male"
        ],
        "real_freq": {
            "male": 0.6446629213483146,
            "female": 0.3553370786516854
        },
        "synthetic_freq": {
            "female": 0.3523790240287781,
            "male": 0.648088276386261
        },
        "max_difference": 0.003425355037946387,
        "high_drift": false
    },
    "embarked": {
        "type": "categorical",
        "categories": [
            "C",
            "Q",
            "S"
        ],
        "real_freq": {
            "S": 0.7275280898876404,
            "C": 0.1952247191011236,
            "Q": 0.07724719101123595
        },
        "synthetic_freq": {
            "C": 0.14901520311832428,
            "Q": 0.012214613147079945,
            "S": 0.8510540723800659
        },
        "max_difference": 0.12352598249242552,
        "high_drift": false
    },
    "real_freq": {
        "0.0": 0.6165730337078652,
        "1.0": 0.38342696629213485
    },
    "synthetic_freq": {
        "0.0": 0.604,
        "1.0": 0.396
    },
    "_metadata": {
        "total_variables": 9,
        "high_drift_variables": 2,
        "discrimination_percentage": 77.78,
        "quality_level": "Bueno"
    }
}